url,title,published,author,categories,audio_links
https://www.monato.be/publika/013836p.php,"La socialisma enmigrinto, kiu iĝis urbestro de Nov-Jorko",2026-01-04T00:00:00,Brandon SOWERS,"OPINIO,Politiko",
https://www.monato.be/publika/013831p.php,Gvido tra la politika labirinto,2026-01-29T00:00:00,Ivo DURWAEL,"BELGIO,Politiko",
https://www.monato.be/publika/013839p.php,Serĉante pli bonan estontecon,2026-01-29T00:00:00,Kossi WOODIJ,"ELMIGRADO,Moderna vivo",
https://www.monato.be/publika/013846p.php,Junuloj mobiliziĝas rete kaj protestas surstrate,2026-01-29T00:00:00,Massimo RIPANI,"ANGOLO,Politiko",
https://www.monato.be/publika/013848p.php,Abobaku: Rite morti kun la reĝo,2026-01-29T00:00:00,Gabriel OLUBUNMI ÒSHó-DAVIES,"TRADICIO,Spirita vivo",
https://www.monato.be/publika/013849p.php,Nur peniktuŝoj,2026-01-29T00:00:00,Carlo MINNAJA,Libroj,
https://www.monato.be/publika/013850p.php,"Japchae: ĉu pastaĵo, aŭ ne?",2026-01-29T00:00:00,CHO Myung-ja,"MANĜAĴOJ,Moderna vivo",
https://www.monato.be/publika/013853p.php,Servu al la popolo!,2026-01-29T00:00:00,Solis,"ĈINIO,Moderna vivo",
https://www.monato.be/publika/013854p.php,Pri norda anestezo kaj suda plumbo,2026-01-29T00:00:00,Luis OBANDO,"OPINIO,Politiko",
https://www.monato.be/publika/013856p.php,Ne nur ĉevaloj galopas en Albanio,2026-01-29T00:00:00,Bardhyl SELIMI,"OPINIO,Politiko",
https://www.monato.be/publika/013857p.php,Palaŭo kaj Usono: migrado inter geopolitiko kaj diplomatio,2026-01-29T00:00:00,Julius HAUSER,"OCEANIO,El diplomatia vidpunkto",
https://www.monato.be/publika/013859p.php,"Tertremo, kiu povas reskribi la geopolitikon",2026-01-29T00:00:00,Julius HAUSER,"AFRIKO,El diplomatia vidpunkto",
https://www.monato.be/publika/013862p.php,Radikala transformo politika,2026-01-29T00:00:00,Leonardo ARAYA,"ĈILIO,Politiko",
https://www.monato.be/publika/013864p.php,Nobel-premio pri Malpaco,2026-01-29T00:00:00,Juan J. SCHMITTER-SOTO,"OPINIO,Politiko",
https://www.monato.be/publika/013855p.php,Influo de la ĉina ideografio,2026-01-31T00:00:00,BAK Giwan,"SKRIBSISTEMOJ,Lingvo",
